,id,name
0,c519,فرهاد اصلانی
1,c2217,هنگامه قاضیانی
2,c5687,افشین هاشمی
3,c3443,یوسف تیموری
4,c4131,فتحعلی اویسی
5,c3775,سیروس گرجستانی
6,c8568,پژمان جمشیدی
7,c8857,رعنا آزادی ور
8,c2359,پژمان بازغی
9,c5681,خاطره اسدی
10,c5822,مهرداد صدیقیان
11,c6208,بهاره کیان افشار
12,c12996,ریما رامین‌فر
13,c14965,ژاله صامتی
14,c8720,امیر احمد قزوینی
15,c8144,نعیمه نظام دوست
16,c35605,مهیار مجیب
17,c7746,ساناز سماواتی
18,c8030,نوید محمدزاده
19,c1832,مهناز افشار
20,c7657,هوتن شکیبا
21,c7837,سام قریبیان
22,c8569,افسانه بایگان
23,c86377,شاهد احمدلو
24,c120908,علیرضا زنده دل
25,c120909,بهار ودادی
26,c120910,پوریا جلال‌وندی
27,c58698,کرامت رودساز
28,c120952,نساء یوسفی
29,c120953,میرنادر مظلومی
30,c76533,امید اولیایی
31,c120937,زهرا آقاپور
32,c120938,مهرداد اقبالی
33,c120939,مرجان پورمحمودی
34,c118964,زری اماد
35,c27958,محسن زرآبادی پور
36,c81555,علی حیدری
37,c4124,هومن سیدی
38,c7292,نگار جواهریان
39,c2706,سعید آقاخانی
40,c5816,نسرین مقانلو
41,c7291,سیامک صفری
42,c4125,ویشکا آسایش
43,c5723,حسن معجونی
44,c8328,مهراوه شریفی نیا
45,c5853,سوسن پرور
46,c58558,مهدخت مولایی
47,c115151,سروش سعیدی
48,c2850,حمید گودرزی
49,c6330,بهاره افشاری
50,c7293,عباس غزالی
51,c2358,پوریا پورسرخ
52,c2957,سحر قریشی
53,c1851,شبنم قلی خانی
54,c2848,علی نصیریان
55,c4123,جواد عزتی
56,c2538,طناز طباطبایی
57,c2511,میترا حجار
58,c2376,کامبیز دیرباز
59,c6235,آشا محرابی
60,c103654,سام کرمی
61,c3991,نیما شاهرخ شاهی
62,c18741,رز رضوی
63,c515,شهاب حسینی
64,c102563,نیوشا جعفریان
65,c105100,لیا اوگانیان
66,c16012,فرید سجادی حسینی
67,c14849,وحید نفر
68,c42731,علیرضا مهران
69,c8411,مینا وحید
70,c86356,تیرداد کیایی
71,c86357,محمد مهدی حسینی
72,c1845,صابر ابر
73,c7984,لیلا زارع
74,c1847,حمیدرضا آذرنگ
75,c6123,امیر آقایی
76,c2361,رضا شفیعی جم
77,c2369,بهاره رهنما
78,c536,ارژنگ امیرفضلی
79,c5820,محمدرضا فروتن
80,c11475,بهرام افشاری
81,c8822,مهدی زمین پرداز
82,c8823,لیندا کیانی
83,c28528,سجاد تابش
84,c86557,سیما شیبانی
85,c15757,علیرضا کمالی
86,c68054,ویدا جوان
87,c9410,علی شادمان
88,c57220,ندا جبرائیلی
89,c57769,متین حیدری نیا
90,c80827,Kj Schrock
91,c80828,Sarah Taylor
92,c3446,هانیه توسلی
93,c5911,مریلا زارعی
94,c10921,غزل شاکری
95,c5915,حامد کمیلی
96,c79307,سها آردم
97,c72365,امین محمودی
98,c79308,پیروز محمدی
99,c78453,فرانک جلیلی
100,c78454,محمد نوروزی
101,c78455,شکوفه حیدریان
102,c5724,پیمان معادی
103,c8924,مهراب قاسم خانی
104,c5961,آتش تقی پور
105,c12210,بابک انصاری
106,c77429,دلارا نوشین
107,c59230,فاطیما درستکار
108,c76532,رضا زنده جاه
109,c76817,ناصر بابائیان
110,c76818,عبدالله زواره
111,c76819,بهار معروفی
112,c8208,سارا بهرامی
113,c7687,پانته آ پناهی ها
114,c75811,امیر عبادی
115,c75812,پرستو گلزار مقدم
116,c75813,تقی علی آبادی
117,c5902,الناز شاکردوست
118,c5815,امیر جعفری
119,c5857,افسانه چهره آزاد
120,c75079,قاسم عبداللهی
121,c67241,سوگند صدیقی
122,c75080,سپیده ساعدی
123,c6207,محسن کیایی
124,c7086,میلاد کی مرام
125,c7656,سینا کرمی
126,c73386,بهادر آذری
127,c73389,الهه افشاری
128,c5679,هدیه تهرانی
129,c6532,علی مصفا
130,c2867,مهران احمدی
131,c6121,پرویز پرستویی
132,c6528,لیلا حاتمی
133,c5680,حامد بهداد
134,c72358,امین آقایی
135,c72359,امیر ارسلان خالویی
136,c72360,دیبا دهقانی
137,c8866,حبیب رضایی
138,c2513,باران کوثری
139,c6029,پارسا پیروزفر
140,c29438,امیرحسین فتحی
141,c7155,مانی حقیقی
142,c13610,حسن پورشیرازی
143,c7708,لادن مستوفی
144,c5726,شقایق فراهانی
145,c22410,آزاده زارعی
146,c68977,آیدا مویدی
147,c68978,وحید نعمتی
148,c68979,محمد فراهانی
149,c5783,پگاه آهنگرانی
150,c1833,مصطفی زمانی
151,c14912,رویا افشار
152,c7315,هادی حجازی فر
153,c6125,پدرام شریفی
154,c26559,الهام نامی
155,c5858,شاهرخ فروتنیان
156,c2360,سام درخشانی
157,c2362,محمدرضا شریفی نیا
158,c5952,نیوشا ضیغمی
159,c5850,رضا عطاران
160,c8524,فاطمه معتمد آریا
161,c5714,رضا بابک
162,c2364,برزو ارجمند
163,c2368,بیژن بنفشه خواه
164,c6193,آناهیتا همتی
165,c1862,پریناز ایزدیار
166,c7154,امیر جدیدی
167,c7120,ساره بیات
168,c18056,مهدی قربانی
169,c4126,علی اوسیوند
170,c27965,احمد ذبیحی
171,c65518,حجت الله قنبری اردستانی
172,c4056,چنگیز جلیلوند
173,c28405,ناصر طهماسب
174,c28383,اکبر منانی
175,c16011,پیام احمدی نیا
176,c8038,امیررضا دلاوری
177,c9840,مارال فرجاد
178,c29391,شاهرخ استخری
179,c64983,علیرضا معتمدی
180,c1846,سحر دولتشاهی
181,c6148,ستاره پسیانی
182,c14412,آرمان درویش
183,c8567,هستی مهدوی فر
184,c5722,آناهیتا افشار
185,c5908,‏مهتاب کرامتی‏
186,c26972,علیرضا آقاخانی
187,c15337,سعید پورصمیمی
188,c62352,آرزو آریاپور
189,c62353,فرشته افشار
190,c14959,حسیبا ابراهیمی
191,c49661,Masatoshi Nagase
192,c49662,آیاکو کوبایاشی
193,c8355,بهمن فرمان آرا
194,c60918,وحید تاج
195,c60919,محمد نصرتی
196,c60920,امیرحسین طریقت
197,c4091,بهرام رادان
198,c83004,علیرضا وهاب زاده
199,c5725,فرامرز قریبیان
200,c23933,جهانگیر الماسی
201,c12623,دیبا زاهدی
202,c5955,لاله اسکندری
203,c6254,یوسف صیادی
204,c40699,بهدخت ولیان
205,c4058,امیرعلی دانایی
206,c8391,تینا پاکروان
207,c10937,محمد فیلی
208,c7382,بهار نوحیان
209,c12906,لوون هفتوان
210,c5775,میر طاهر مظلومی
211,c39494,منصور شهبازى
212,c24892,محمد علی نجفی
213,c5691,بابک حمیدیان
214,c5801,امین حیایی
215,c16322,آناهیتا درگاهی
216,c2357,هادی کاظمی
217,c51819,ماندانا عبقری
218,c51820,علیرضا دهقانی
219,c51821,مینو نوبهاری
220,c51103,سها نیاستی
221,c51104,فرشته ارسطویی
222,c51027,پروا آقاجانی
223,c51028,جواد پولادی
224,c35835,آتیه جاوید
225,c50758,عبد آبست
226,c11136,بابک کریمی
227,c50760,الهه بخشی
228,c2220,حمید فرخ نژاد
229,c1835,علی قربان زاده
230,c7686,گلاب آدینه
231,c5839,محمد شمس لنگرودی
232,c49781,خلف علوانی
233,c25099,محدثه حیرت
234,c49147,رامین ریاضی
235,c49149,غلامرضا باقری
236,c48303,مژگان بیات
237,c22293,پروانه معصومی
238,c14453,اکبر زنجانپور
239,c5841,بهنوش طباطبایی
240,c45114,نورگل یشیلچای
241,c2849,محسن تنابنده
242,c8438,مجتبی پیرزاده
243,c16080,فرشته حسینی
244,c44638,نگین غفاری
245,c44639,داوود رضایی
246,c44640,لیلا شعبانی
247,c44374,غزال نظر
248,c44072,شیرین عطاالهی
249,c44073,سهیل برخورداری
250,c44064,روناک پوریادگار
251,c1840,حسین محمدیان
252,c44065,علی معرفتی
253,c5856,پریوش نظریه
254,c6025,رضا کیانیان
255,c95974,حنیفه میرطاووسی
256,c44059,سردار آزمون
257,c6331,شبنم مقدمی
258,c12206,آیسان حداد
259,c7346,مجید پتکی
260,c43718,سعید آلبوعبادی
261,c43719,رضا نوری
262,c7562,مهدی فخیم زاده
263,c4093,گوهر خیر اندیش
264,c6000,احمد نجفی
265,c9714,رضا یزدانی
266,c4094,الهه حصاری
267,c5683,اندیشه فولادوند
268,c5951,محمدرضا گلزار
269,c10787,یکتا ناصر
270,c41910,جکی شروف
271,c41911,Esha Gupta
272,c13251,افسانه پاکرو
273,c39869,محمد جباری مولانا
274,c41044,مصطفی گلی
275,c41045,مهران نیکزاد طالمی
276,c7579,امیر حسین آرمان
277,c18250,هدی زین‌العابدین
278,c10067,شراره رخام
279,c40429,علی شیری
280,c40428,سهیل محزون
281,c7277,بهزاد فراهانی
282,c6316,امید زندگانی
283,c27678,منوچهر والی زاده
284,c39249,الناز اسماعیل زادگان
285,c37714,ایمان اصفهانی
286,c37766,پگاه الله وردی
287,c38995,محسن تختی
288,c38996,شاهرخ شهبازی
289,c38997,علیرضا گودرزی
290,c3738,سیامک انصاری
291,c3741,امیر مهدی ژوله
292,c38853,میر نادر مظلومی
293,c38854,امین جوادی
294,c38855,جلال محبی
295,c4059,نازنین فراهانی
296,c14567,ستایش محمودی
297,c7612,الهام کردا
298,c12841,پردیس احمدیه
299,c37715,احسان امیدی
300,c37716,امیر حیدری
301,c546,پویا امینی
302,c13532,مریم معصومی
303,c37758,نیلوفر پارسا
304,c5713,کورش تهامی
305,c5966,محمود پاک نیت
306,c6529,همایون ارشادی
307,c2866,فرشته صدر عرفایی
308,c528,مهتاب نصیرپور
309,c2285,اکبر عبدی
310,c3448,ترلان پروانه
311,c8330,هدایت هاشمی
312,c14783,بهنام تشکر
313,c7763,هومن برق نورد
314,c11240,‏ژیلا شاهی‏
315,c34932,یونا تدین
316,c11993,مونا فرجاد
317,c33429,کاوه سماک باشی
318,c28222,مریم سلطانی
319,c33430,احسان فدایی
320,c3737,مهران مدیری
321,c8503,ساعد سهیلی
322,c30872,علیرضا میرسالاری
323,c30807,ستایش موسوی
324,c30808,سعید برجعلی
325,c30809,محمد رسول صفری
326,c6513,مهدی احمدی
327,c10219,مریم مقدم
328,c525,مهدی هاشمی
329,c27769,سینا مهراد
330,c3447,نازنین بیاتی
331,c7466,لیلی رشیدی
332,c3001,حمید لولایی
333,c7278,نادر سلیمانی
334,c6277,لیلا بلوکات
335,c26771,لیلا برخورداری
336,c28427,محمود قنبری
337,c27682,رضا آفتابی
338,c2499,مجید صالحی
339,c7156,علیرضا استادی
340,c26621,حجت شورکی
341,c26622,حسین قفلی
342,c26623,جوهر تنگستانی
343,c17738,علی اوجی
344,c26435,پادینا رهنما
345,c7684,سارا خویینی ها
346,c7596,رضا بهبودی
347,c4096,سعید چنگیزیان
348,c5968,الهام حمیدی
349,c7256,آزاده صمدی
350,c25374,زری خوشکام
351,c25375,بهمن پرورش
352,c12691,محمد نادری
353,c25105,نگار مقدم
354,c3739,جواد رضویان
355,c5964,حسین یاری
356,c2374,مهران غفوریان
357,c23274,هلیا امامی
358,c5846,امیرمحمد زند
359,c5811,ثریا قاسمی
360,c22849,بهروز محمدی
361,c4017,مریم خدارحمی
362,c22850,علیرضا رییسی
363,c2500,بهنوش بختیاری
364,c18981,Oja Kodar
365,c16262,Peter Bogdanovich
366,c18982,John Huston
367,c1834,احمد مهرانفر
368,c5728,لیلا اوتادی
369,c8305,محمدرضا غفاری
370,c18377,ایرج سنجری
371,c6315,ابوالفضل پور عرب
372,c109449,میثم نیک نژاد
373,c2900,کوروش زارع پناه
374,c30459,شهاب ایلکا
375,c16576,پیر داغر
376,c3777,سحر ولدبیگی
377,c11161,احمدرضا اسعدی
378,c15723,مریم شاه‌ ولی
379,c12207,رضا احمدی
380,c7342,بهرنگ علوی
381,c10691,مریم بوبانی
382,c8824,حسین مهری
383,c3445,علی صادقی
384,c5684,حدیثه تهرانی
385,c7771,نادر فلاح
386,c6030,رامبد شکرآبی
387,c4132,حدیث فولادوند
388,c14790,علی امجدی
389,c14170,ماهور الوند
390,c14171,السا فیروز آذر
391,c10085,هوشنگ حریرچیان
392,c7868,علی انصاریان
393,c5885,ماه چهره خلیلی
394,c13221,رضا رضایی
395,c12904,یاسمن معاوی
396,c12622,حسام محمودی
397,c8192,بهار کاتوزی
398,c3992,بهناز جعفری
399,c11234,سوسن مقصودلو
400,c9489,سجاد باقری
401,c9490,حسین خدا رحمی
402,c2353,مهدی پاکدل
403,c8351,سهیلا رضوی
404,c8502,پولاد کیمیایی
405,c661,Denzel Washington
406,c1198,Frances McDormand
407,c23039,Alex Hassell
